{"conf_table": {"_type": "table-file", "sha256": "64d53b227faa1d9af28f0039b25e56adeb64e665247c693173315a44082c2d85", "size": 182, "artifact_path": "wandb-client-artifact://l6qnm2cv2s94n4ymayfjy9pqirgsdo04ilw7n0lghis2qwsk2gsbko2b28cy9b1x8tk0kvgb7qcn4gna6r437zjllwdfr89oclx17rb5m8ufqjszmfw8ut2wel8v4jif:latest/conf_table.table.json", "_latest_artifact_path": "wandb-client-artifact://l6qnm2cv2s94n4ymayfjy9pqirgsdo04ilw7n0lghis2qwsk2gsbko2b28cy9b1x8tk0kvgb7qcn4gna6r437zjllwdfr89oclx17rb5m8ufqjszmfw8ut2wel8v4jif:latest/conf_table.table.json", "path": "media/table/conf_table_33_64d53b227faa1d9af28f.table.json", "ncols": 3, "nrows": 4}, "_timestamp": 1705603653.1270428, "_runtime": 64.18006587028503, "_step": 35, "examples": {"_type": "table-file", "sha256": "91f6e347e7ecd02507aaae308eae951941a1290f1e97d62b6d4de16dc22ad454", "size": 1253, "artifact_path": "wandb-client-artifact://ujrg68zfpp5n7seekqgc0st61n8r5sskmbyw5t0do53m1g07hl60x6cuc1czx1mrauxj04lp32buh7mp8f7e19xcjv979jnt9mx60d7c9lafmnwk6mhl3lauoe5ae84n:latest/examples.table.json", "_latest_artifact_path": "wandb-client-artifact://ujrg68zfpp5n7seekqgc0st61n8r5sskmbyw5t0do53m1g07hl60x6cuc1czx1mrauxj04lp32buh7mp8f7e19xcjv979jnt9mx60d7c9lafmnwk6mhl3lauoe5ae84n:latest/examples.table.json", "path": "media/table/examples_34_91f6e347e7ecd02507aa.table.json", "ncols": 3, "nrows": 20}, "global_step": 133, "train/loss_step": 0.5975381731987, "train/acc_step": 0.703125, "epoch": 0, "trainer/global_step": 133, "train/loss_epoch": 0.63059002161026, "train/acc_epoch": 0.6717342734336853, "valid/loss_step/epoch_0": 0.4776824116706848, "valid/loss_epoch": 0.6192771792411804, "valid/acc": 0.6912751793861389, "valid/precision_macro": 0.34563758969306946, "valid/recall_macro": 0.5, "valid/precision_micro": 0.6912751793861389, "valid/recall_micro": 0.6912751793861389, "valid/f1": 0.6912751793861389, "_wandb": {"runtime": 63}}