{"conf_table": {"_type": "table-file", "sha256": "64d53b227faa1d9af28f0039b25e56adeb64e665247c693173315a44082c2d85", "size": 182, "artifact_path": "wandb-client-artifact://u201wvjy1boixp6w5w4bnzs4j2zgxb0l6jtpm0jrg0rkermf2ii62a58t5t9agj6bj4yt9dcfw4ovqhj3qzmpp4skwxrt2ls3hjd3p419rohhxcmo7youthe2intu7bt:latest/conf_table.table.json", "_latest_artifact_path": "wandb-client-artifact://u201wvjy1boixp6w5w4bnzs4j2zgxb0l6jtpm0jrg0rkermf2ii62a58t5t9agj6bj4yt9dcfw4ovqhj3qzmpp4skwxrt2ls3hjd3p419rohhxcmo7youthe2intu7bt:latest/conf_table.table.json", "path": "media/table/conf_table_33_64d53b227faa1d9af28f.table.json", "ncols": 3, "nrows": 4}, "_timestamp": 1705740057.8684583, "_runtime": 24.166337251663208, "_step": 35, "examples": {"_type": "table-file", "sha256": "91f6e347e7ecd02507aaae308eae951941a1290f1e97d62b6d4de16dc22ad454", "size": 1253, "artifact_path": "wandb-client-artifact://xh7oh670w764cva1wpnl9p6m54xmpgxpvpi3g27lys5dnkrlukgtigckxu2566ur7s6d0h0kj0qb3k0gqsa0q41af33tirk1uapffqv3jur0iw5c7anykk3llunp08od:latest/examples.table.json", "_latest_artifact_path": "wandb-client-artifact://xh7oh670w764cva1wpnl9p6m54xmpgxpvpi3g27lys5dnkrlukgtigckxu2566ur7s6d0h0kj0qb3k0gqsa0q41af33tirk1uapffqv3jur0iw5c7anykk3llunp08od:latest/examples.table.json", "path": "media/table/examples_34_91f6e347e7ecd02507aa.table.json", "ncols": 3, "nrows": 20}, "global_step": 133, "train/loss_step": 0.5145646929740906, "train/acc_step": 0.8125, "epoch": 0, "trainer/global_step": 133, "train/loss_epoch": 0.6173049211502075, "train/acc_epoch": 0.6989825963973999, "valid/loss_step/epoch_0": 0.4795520305633545, "valid/loss_epoch": 0.6197037100791931, "valid/acc": 0.6912751793861389, "valid/precision_macro": 0.34563758969306946, "valid/recall_macro": 0.5, "valid/precision_micro": 0.6912751793861389, "valid/recall_micro": 0.6912751793861389, "valid/f1": 0.6912751793861389, "_wandb": {"runtime": 22}}