{"conf_table": {"_type": "table-file", "sha256": "53e8eba8db34a3d4f73afd1e1cac64141a46c1d5c77a3203ca3a6bd51dc9edb3", "size": 181, "artifact_path": "wandb-client-artifact://jtm590mc4ip9culr1cg3fpv28uv2ftbepcyzot4en5f7no408e2bd15a8hfq2ukehhl688ypihm8uoh1lzetvfv0xha5j7y5loncxu1vm524l3ji6zvzfqbpz4ubt9gf:latest/conf_table.table.json", "_latest_artifact_path": "wandb-client-artifact://jtm590mc4ip9culr1cg3fpv28uv2ftbepcyzot4en5f7no408e2bd15a8hfq2ukehhl688ypihm8uoh1lzetvfv0xha5j7y5loncxu1vm524l3ji6zvzfqbpz4ubt9gf:latest/conf_table.table.json", "path": "media/table/conf_table_21_53e8eba8db34a3d4f73a.table.json", "ncols": 3, "nrows": 4}, "_timestamp": 1705671683.631226, "_runtime": 16.909008979797363, "_step": 23, "examples": {"_type": "table-file", "sha256": "91f6e347e7ecd02507aaae308eae951941a1290f1e97d62b6d4de16dc22ad454", "size": 1253, "artifact_path": "wandb-client-artifact://0s3fnn40ej8w87bmjqn98x3j5npboiqonpze1wa743n82bn17wbxp7hgwudr2iesn8acbdw8wq0wm9pptx70268kz7jsi7kfkjtwg1dh69yag71f6uskw611vk5zv8m3:latest/examples.table.json", "_latest_artifact_path": "wandb-client-artifact://0s3fnn40ej8w87bmjqn98x3j5npboiqonpze1wa743n82bn17wbxp7hgwudr2iesn8acbdw8wq0wm9pptx70268kz7jsi7kfkjtwg1dh69yag71f6uskw611vk5zv8m3:latest/examples.table.json", "path": "media/table/examples_22_91f6e347e7ecd02507aa.table.json", "ncols": 3, "nrows": 20}, "global_step": 65, "train/loss_step": 0.6076769828796387, "train/acc_step": 0.703125, "epoch": 1, "trainer/global_step": 65, "train/loss_epoch": 0.6162348985671997, "train/acc_epoch": 0.6979166865348816, "valid/loss_step/epoch_0": 0.6335904002189636, "valid/loss_epoch": 0.6489413976669312, "valid/acc": 0.65625, "valid/precision_macro": 0.328125, "valid/recall_macro": 0.5, "valid/precision_micro": 0.65625, "valid/recall_micro": 0.65625, "valid/f1": 0.65625, "valid/loss_step/epoch_1": 0.6342993974685669, "_wandb": {"runtime": 15}}